Krenak,Português,Notas
a,"seu, sua, dele, dela",
ã kruk atak,chocar,
ãã,galinha,
ãã inku,"ovo, ovo de galinha",
ãã jopu,"galinha, galinha fêmea",
ãã vaha,"galo, galinha",
agnan,tabaco,
agnan tohom,fumar,
ahek,"chupar, mamárias",
ahep,sentar,
ahim pakuimum,ir rio acima,
ahom,"terminou, gasto",
ahom minjan raté,"margem, costa",
ahut,"subir, puxar, apanhar, levantar-se",
ajub ma mumni,"fatigar, cansar",
ak,fechar,
akan,"ver, olhar",
akek,pico,
akmum,sair depressa,
akmummen nuk,ficar acordado,
akomjak,sangue,
akran,"raiva, fúria, ira, cólera",
akre,aonde,
akrõn,paca,
aku,soprar,
akukijun,"nevoeiro, névoa, neblina",
akurin,"insultar, injuriar",
am,"dar, ser, existir, floresta, ilha",
am a,"floresta jovem, matagal",
am et,estrela,
am jupakischu,selva,
am mek mek,"perto, próximo, ao pé",
am nakatscha,"floresta jovem, matagal",
am nangran ahom,vingar-se,
am pim pim,de manhã cedo,
ama an,abrir,
amak,"atirar, disparar, balear",
amak kitom kan,"apontar, ter em mira",
amakren,"floresta jovem, matagal, cortar, derrubar",
amali,varrer,
amankut,comer,
amantik,arrancar,
amapok,"fecho, tampa, rolha",
amaprim,"cortar, cortar matagal",
ambruk,"chama, brasa, queimar, arder",
ambruk pe en,"acender, incendiar",
ambrukuku,vermelho,
amburu,"vento, frio",
ame,"matar, esvaziar de sangue",
amenuk,vazio,
amere e,satisfeito,
amere em,deixar-me em paz,
amerek,"abraçar, cercar, beliscar",
amhimakáki,flor,
amia káki,flor,
amiapram,"conversar, falar, perguntar",
amihim,esquerda,
amijaji,"memória, sabe, eu sei",
amijan,areia,
amin,depressa,
amion,pulmão,
amjokon,"sempre, atual",
amjukon,muito tempo depois,
amjunji,pontas do ramo,
amkma,"vale, abertura",
amkro,"buraco na floresta, vale da floresta profunda",
amkruk mim,floresta jovem,
amnikáki,flor,
amnjok,endurecer,
amohim,"valente, corajoso",
amohom,"valente, corajoso, empreendedor",
amon pakischu,"inhame, cará-inhame",
amoron,"distante, longe",
amótte,luz,
ampak,"urubu, abutre",
ampak kui,ir rio acima,
ampak pakischu,urubu rei,
ampian nan,falta algo,
ampijun,dia,
ampim,"escuro, noite",
ampim,"partir, rachar, arrebentar",
ampim ni,cedo,
ampim taru teitu,escuro,
ampip,agora,
ampip anguin,"igual, igualdade",
ampmeranti,vem aqui,
ampok,raiz,
ampok,"cortado, matar, abater",
ampon,"pouco, fácil, pouco tempo",
ampram,abrir,
ampromum,ir embora,
ampschak,sombra,
amra,"ser, estar, existir",
amra,"lá, ali",
amron,"longe, distante",
amrun,"longe, distante",
amtap,"orvalho, molhado, encharcado",
amtjore him,"atrasar, ficar para trás",
amtschon,dia,
amtschora,"atrasar, ficar para trás",
amtschore,"atrasar, ficar para trás",
amtschum,amanhecer,
amum anti,"em frente, a direito",
amum him,que sabe andar depressa,
an,"ser, estar, existir",
an nangran ahom,vingar-se,
anajan,"inchar, aumentar o volume",
ane,não,
anen,"não, saudade, ansiedade",
anet,estrela,
angianjan,cego,
anginan taho,fumar,
anglin,"atirar, bater",
angnan,tabaco,
angnok,escuro,
angoe akan,"tenha cuidado, cuide-se, abra os olhos",
angoe ou angwe,abrir,
angori,aranha,
angotschina,"constipação, resfriado",
angrak,agudo,
angran,"ser, estar, existir",
angrin,"atirar, bater, cortar com o machado, atirar, disparar",
angrin hip mum,cantar e dançar,
angrintscha,cantar,
angritscha,cantar,
angro po wip,"embaixo, por baixo, debaixo",
angroru,"arquivar, ganir",
angru,"empalidecer, perder a cor",
angrupu,"por baixo, embaixo, debaixo",
anguin,"nada, ele não tem nada, ele não está aqui, ninguém",
anguin nangnan,não temos nada,
anhuit,"muito, grande",
anianjan,nascer cego,
anin,"depressa, igual",
anit,lágrima,
anjak man,pálpebras,
anjap mra um,"silencioso, baixo",
anjek,"fechar, encerrar",
ankan,agora,
anketõn,algodão,
anketõn antik,desfiar algodão,
anketot,"cozer, cozinhar",
anketot wot,"ferver, cozer, cozinhar",
anknan,piolho,
ankoēm,"imaturo, verde",
ankok kukijun,"nevoeiro, névoa, neblina",
ankom,"ao pé, próximo, perto","(an, k corresponde ao superlativo, on, .. um)"
ankomnja em,"ao pé, próximo, perto",
ankorit,aranha,
ankorit pakischu,tarântula,
ankoschina,"catarro, tosse",
ankropan,"embaixo, por baixo, debaixo",
ankropan,"embaixo, por lado, debaixo",
ankujin anglin,"cuspir, escarrar",
ankupa,"largo, amplo, vasto",
ankupe jipakischu,grávida,
ankuschep ati kitschin pen,"assoar, eu espremi o nariz",
ankut,"engolir, devorar, comer, comestível, tartaruga",
ankutschuma,tatu,
ankuwok,macuco,
ankuwok inku,"azul, ovo do macuco",
ankuwok kuschi,zabelê,
anontschon,ananás,
anpapajan,mamão,
anschorot,"puxar, tirar, afiar",
antekanham,dançar,
anti,"vós, vocês, vosso, vossa",
antiji,fugir,
antijuknan,"marido, esposo",o seu pênis vos faz conceber
antik,arrancar,
antiwok,"para trás, por detrás",
antji,comer,
antjore ni,"atrás, para trás",
antjuk,"meu, seu, nosso",indicativo de posse
antne,cortar,
anto,"saturado, o corpo está cheio, torcer, ferir",
antom,"aberto, destapado, lagarta",
anton,"acho, acredito",conjugado
antschagan,primo,
antschak,primo,
antschak jukischem,"distribuir, repartir",
antschak mõn,primo malvado,
antschak po men,"casar, dar a mão ao primo",
antschak po merek,como está,
antscharak mõn,primo malvado,
antschem,ninho,o seu ninho
antschukischem,"parente, da casa",
antschuknan,cunhada,
antschum,"primo, parente",
antuk,coberto,
ao mek mek,criança pequena,
apa an,"chamar, gritar",
apane,"largar, deixar",
apijun,"papa-mel, irara",
apo,pisado,
apo,"ferir, torcer",
apo anhem,mão fechada,
apo hen,fecha a mão,
apo wen kan,mão aberta,
apo won,abrir a mão,
apok,"pendurar, mato, capim, grama, rolha, tampão, assar",
apokak,"chamar, gritar",
apone,"deixar, largar",
apotschik numrin,"mesmo, próprio",
apra am,correr,
aprahum,ir embora,
apram anketot,cozinhar logo,
apram him,aquele que vai chegar,
apram hum,lavar,
apram ni,vem já aqui,
apram ti,vem aqui,
apre hum,ir embora,
aprompi nun,não há perigo,
aprompim nun,"não há perigo, não é agora, não há pressa",
apromum,ir imediatamente,
apron,trazer,ron = rani
apron hum,nadar,
apronhum njok kuran,nada,njok =nijuk (verbo conjugado?)
aproni,venham aqui,
apronti,correr,
apuk,chorar,
ara,vermelho,
arak,"maduro, muito, completo",
arak kuan,"ipecacuanha, corpo maduro",
arak mum,"trazer, levar",
aram,"pedra, laje",
aran,"jovem, adolescente, escamar, descansar",
arana,"ananás selvagem, nome de mulher",o que tem de ser descascado
arani,trazer,
aranko,"mar, pântano",
aranrlat,"acordar, despertar",
arapmum,"apanhar, levar consigo, trazer",
arapmum nuk é é,"cumprimento de despedida, não se deixe vencer",crazyyyy
arapokan,armadilha de pássaro,
arat,"atado, amarrado, ligado",
are he,como está,soa como ererré
àrek,"pequeno, plano, claro",
arit,"atado, amarrado",
arlan,"jovem, adolescente",
arrot,arroz,nos Nak nian nuk existia uma mulher com o nome arrot
arum,tosse,
ascha pet,"assa-peixe, urtiga-mansa",
at,,
ata,"quebrado, despedaçado",ver ita
atak,"cobrir, tapar",
atan,"quebrado, despedaçado",
ataran,arara,Ver kataran
ate e ati,perfurado,
ati,"eu, a mim",
ati amjaji,eu sei,conjugado
ati hinkre,eu venho aqui,
ati mum,eu quero ir e nós queremos ir,conjugado
ati ti,eu próprio,
ati we ampmeram,perguntar,
atji,comer,
atne,cortar,
atnin,espirrar,
ato,"ferir, torcer, nublado",
atokon um,dá-me um pouco,
atom,esmagar,
atscha pet,assa-peixe,
atsche,"remover, cortar, bater",
atschek,"apagar, extinguir",
atschin,"comer, comer a sua carne",
atschin pen,procurar,
atschol,"pintar, colorir",
atschuk,açúcar,
atuk,"cobrir, tapar, coberto, tapado",
au maha,perguntar,
au nuk,não fale,
au num,"a palavra, esteja quieto",
au nun,esteja quieto,
aui,"esfregar, remexer",
aujajinuk,ele não sabe disso,au = om
aun,falar,
aun potschik,um sozinho deve falar,
avin,mentira,
avin nuk,"verdade, não minta",
avit,"dar, trocar",
avo,estripar,
avok ,fora,
bakan,"ave, pássaro",
bakan kriknin,colibri,
bakanetik,flecha para caçar aves,
bakantik,flecha para caçar aves,
batik,coelho,
batna,pescar,
batnak,lambari,
be,mel,
bekáne,abelha,
brakak,"guigó, sagui, mico",
eche,jacaré,
ehe,jacaré,
eklek,feio,
ekre,"onde, para onde",
em em,"trepadeira, pica-pau",
emburuk,amarelo,
emo,o primeiro,
empehek,bocejar,
empijan,urinar,
empijun,urinar,
emporum kitom he he,um nativo bonito,o botocudo é bonito para os olhos
emprtum,botocudo,"bococudo = bimporum (him artigo, po irmão, rum fora de, logo vindo)"
en,"concha, moluscos",
en,e?,
en anhut,levantar-se,
en en,trepadeira-do-bosque,
en niji,nós,
en nik,sanguessuga,
en ninji,nós,
en ti,ir,
era,maduro,
erarat,"descansar, repousar",
ereha,"bom, muito",
erehe,"bom, muito",
erehu,"bom, muito",
eremum,levar consigo,
erum,tossir,
et et,"luminoso, estrela, brilhante, pirilampo",
eti,"é, está, está aqui, esquecer",
gamra,"lá, longe",G é como K em muitas palavras símbolo do superlativo
gantschok,contente,
garríscho,garrincha,
glintscha,catar,
gnini,eu,
gnumrin,cana-de-açúcar,ver numrin
gorantscha,dobrar ramos para marcar o caminho,
gra tamu,a serpente rasteja,
gran,"serpente, a serpente",
gran jak,serpente venenosa,
gran pakischu teminajan jop,"arco-íris, a grande serpente que bebe água",
gran rhehe,cainama,espécie de cobre. rherhe porque não é venenosa
granti,rastejar,
grintscha,cantar,
grlinuk,espero,conjugado
grok,"forte, forte e severo, severo",
grok hingrok,nígua,
grom pim,palmito,
guarantschak,o corpo prejudicial,"kuarantschak - que derriva, do corpo prejudicial"
guaschik,flecha,
gumrin,cana-de-açúcar,
gumrin nek,doce,
h,,
ha a,"a verdade, é assim, eu agradeço, sapucaia, sim, eu sei",
ha un,"nu, apresentar-se nu",
hak,"qual, onde, o quê, saliva, cuspo",
hak haknan,"canção, carcará",
hak jet jet,camaleão,
hak mum pram,onde é o caminho,
hak nim,qual,
hak nimo hoti,de onde vêm,
hakan,palmeira trepadeira,
hakan,"pico, espinho",
hakanian,o que é isto,
hakanim,"chama, vê aqui",
hakanin,o que é isto,
hakare,para onde,
hakare hoti,para onde vão,
haknan,"canção, carcará",
haknijuk,qual é o meu?,
haknjanjan,polyborys vulgaris,
hakre,"onde é, para onde é",
hakremu,para onde vão,
ham,eu quero longe,
ham ham tscha,"ladrar, latir",
ham mum,vamos,
ham om,falar,
ham tekan,nós queremos ir dançar,conjugado
hamanja pram,conversar,
han,rir,
han han,jacu,espécie de pássaro penelope superciliaris; han -- por causa da testa e garganta nuas
han nik nik,"sagui, macaco",
hanguim,"nu, não tem nada",
haõn,"nu, abelha malífera, rir",
haõp,rã,
haõp tum,"rã, espécie grande de rã",
haõp tum jipakischu,rã-touro,
hapa,"ser, estar, existir",
hapan,"largar, soltar",
hapane,"deixar, abandonar",
hapiki,boca,
hapiki jakip,fecha a boca,
haran,inhambu-xintã,
haran inku,"azul escuro, cor do ovo de inhambu",
haran pororo,"chororão, espécie de pássaro",
hataran,arara,
hataran kuschi,"maracanã, papagaio",
hatne,"cortar, talhar",
hau ēn,"armazenar, depositar",
he um,"dar, me dá",
hek hek,"liso, rasteiro, sofrer, criar pus",
hekre,para onde,
hem hem,espera,
hem nun pam,caça sem sucesso,
hemuham,"eu vou emborar, partir",
hemum ha,fugir,
hemum ham,"vamos, retiremo-nos",
hemum ham ham,"um vai na frente, os outros vêm depois",
hemum ham pip,vi trilhos de animais,
hemum pam,caça sem sucesso,
hemumni,vem aqui,
hen,"fechar, encerrar, fechar, tapar",
hep,"paciência, tem paciência, sentar, sentar-se",
hep ampim,"não está presente, escuro","escuro, logo não é visível se está sentado"
hep intscham,"permanecer, ficar",permanecer sentado no ninho
hepat im,"dar, trocar",
herak herak,"maracanã, papagaio",
here hek,sofrer,
here mum,trazer consigo,
herehe,"bom, bonito, agradecido, gratidão",
herehe numrin,"melhor, bom em si",
herehe um,"dar, dar algo bom",
herehe wa um,"me dá algo, quer me dar algo valioso",
hian,ver,
hieren,macaco-prego-do-peito-amarelo,
hijinku,caçar,difficult to read
hijotang,caçar,
hikatak,"jequitibá-rosa, espécie de árvore",
hikre njep,"onde é, sentem-se",
hilihek,"pomba, pombo",
him,artigo,"se encontra certamente com frequência nas palavras começadas por ""in"""
him,"sujo, preto",
him brakak,macaco,gênero callthrix ?
him mon mon,a onça preta,"a escura, muito malvada"
him no mo,"tu andas, vocês andam",conjugado
him nu mu,nós vivemos,nós andamos
him nun mu,viver,
him pakan tamu,o pássaro voa,
him panta,cada,
him po u,o mesmo,
him puken puk,"saudade, ansiedade",muitas lágrimas
him tãn,capanga,
himjoschum,cotovelo,
himkata,direito,
himkati,lábios,
himkma,"fecha a boca, o grande buraco",
himkma apok,"o botoque, a rolha da boca",
himkmakat,lábio,
himkomijk,sangue,o que a ponta da flecha torna visível
himmak,asa,
himmakat,lábio,"da boca, do buraco, da pele"
himmapok,botoque,
himnan,"pátria, terra",
himo hum,lavar,
himpa,"frequentemente, muitas vezes",
himpaton,bola,o que é pouco achatado
himpijan,urinar,
himpmim,tórax,
himpo jipo,clavícula,
himpo krakate,espaço entre os dedos,
himpok,peixe,
himpok intjem,nassa,
himpok intschem,nassa,
himpok jokejam,pescar,
himpok jokijem,pescar,
himpok jokischem,pescar,
himpok jokoschem,pescar,
himpok jokoschem,pescar,
himpok kat,"escama, escama de peixe",
himpok kavo,pescar,
himpok mon mon,piau,
himpok schakijun,pescar,
himpok tatu,"vermelho, pirarucu",
himpokra,dedo,"o que vem da mão, ou seja, o que, saindo, se move)"
himpokrin,corça,
himpon,"o, a, o mesmo",
himponik,face,
himponjik,calcanhar,
himponjik,face,
himponjuk,fim de dia,
himporum,botocudo,"bococudo = bimporum (him artigo, po irmão, rum fora de, logo vindo)"
himporum,"nativos, botocudos",que vieram do outro lado
himposchum,cotovelo,
himpota,acrescentar,
himpram,respirar,
himpram amrun,um caminho mais distante,
himpram mum,respirar,
himpram mum pó,"descansar, repousar",
himpram um,respirar,
himprom põn,o grito da onça,
himpu,"cheiro, cheirar",
himpum,o suco,
himum,queremos ir,conjugado
himum mu,viver,
hinan,"quem, qual, carraça, carrapato",
hinan,"pátria, terra",
hinan pe,quem foi,
hinan tamu,quem foi que passou aqui,
hineren,espécie de onça,
hinfran rlhéhé,cainana,
hingli,"gritar, berrar",
hingnan,"terra, pátria, naturalidade",
hingoe,"nós, nós todos",
hingoe jaji,nós sabemos,
hingora,"preto, o homem negro",
hingrak,corte,
hingran,"cólera, fúria, nós, nosso, serpente, surucucu","vários, para que possam formar uma serpente (andando em fila) em suas caminhadas"
hingran imbrukukuk,cobra-coral,
hingran jokeschek,jararaca-do-norte,
hingran kijokojek,jararaca-do-norte,
hingran kopoto,cobra-coral,
hingran krokoschek,jobóia,
hingran mum,nós vamos,
hingran pakischu,cascavel de madeira,
hingrok,pulga,que morde
hingrok npit,pulga,que morde
hingrom jipi,"palmito, quer dar couve-palmeira",
hingrop hip,"esperar, aguardar",
hingru ti gru,empalidecer,
hingwe,nós,
hinhijak numrin,irmã,
hinjan,"o descendente, o que descende, trigo, magro",
hinjikak numrin,irmã,
hinjim pram,respirar,
hinjin,pequeno,
hinjok,"mole, brando",
hinjuknan,mulher,que dá a luz através do hímen
hinjuknan jaka,mulher idosa,
hinjuknan oran,mulher jovem,
hinjuknan vaha,"mulher núbil, virgem",
hinkáki,flor,
hinkakrok,"estômago, barriga","o fraco, o necessitado"
hinkan,"correto, direita, visão, ver, mostrar",
hinkan kata wo,direita,
hinkan nuk,esquerda,
hinkánki,flor,"que se vê muito ""ki"""
hinkatan,lagarto,
hinkek,"ladrão, roubar",também nome de onça
hinkoek uruhu,estômago,
hinkoko,fumo,
hinkoko ahut,o fumo sobe,
hinkõn,cão,
hinkõn tschin nii,os cães encontraram a caça,
hinkõn tschin uwe,os cães rodearam a caça,
hinkontno,"a metade, metade",
hinkora,preto,
hinkre,abraço,
hinkrep,para onde,
hinkruk,filha,
hinkruk vaha,filho,
hinkuan te tschin kuran,fome,
hinkum,tabaco,
hinkuntjak arek,gato-do-mato,
hinkuntjak kuschi,gato-do-mato,
hinkuntjak mim,gato-do-mato,
hinkuntjun,tatu,
hinkuntjun pakischu,"barata, blatta",
hinkuntjun wäom,barata,a que cheira mal
hinkuntschum,tatu,
hintakruk,"pedra, bocado de pedra",
hintaru,"terra, pátria",
hintek,dançar,
hintek hip mum,dançar,
hinun,"braço, depressa, rápido, já",
hinun no,"maneta, só tem um braço",no = não
hinuntek,dançar,
hinunti,levantar da posição deitada,certamente porque para isso o braço é utilizado
hion,"fugir, esconder-se",
hip mum,"agachar, dançar",
hira,"agradecimento, recompensa",
hirihek,rola,pássaro! que produz sons queixosos
hitek,"chupar, mamar, chuchar",
hiu,pega isso,
hium,pega isso,
hlin hlin nuk,"caeté, planta",
hnimmak,botoque,
ho,magro,
ho o,"não, não posso esperar",
hoa,"lá, aí, ali",
hok hok,"garça-moura, Ardea Cocoi",
hok koek,caracol,
hokanin ja ha,o que procuras,
hokanin we,"para que é isto, para que queres isto",
hokare hoti,aonde vão,
hoknar,caçar,
hoknen,"catitú, Dicotyles labiatus",
hokoém ,"catitú, Dicotyles labiatus",
hokokan,coruja,
hokokém,mocho-galego,
hokonim jaha,o que procuras?,
hokonim jen jen,caçar,
hokonim prep,flato,o que escapa
hon,ouve,
honk mu,"fugir, escapar",
hopu,mãe,jopu
horop,árvore com espinhos grossos,
hoti,"tu, vocês",
hoti anine,em que dia vocês vêm,
hoti hapra him,retribuição de cumprimento,"ver ""ti jap prap him"""
hoti hep ne,ele fica aqui,
hoti kati,tu,
hoti kati pram,o que queres?,
hoti numrin,eu mesmo,"ver ""ati"""
hoti tokon tschon,"porquê, por que",
hoti umrin,eu mesmo,"ver ""ati"""
hrlin,devagar,
hrlinuk,depressa,não devagar
hrlinun,devagar,
hrlinun hakmum,"coxear, também andar atrás",
hrlinun hep,esperar,
hrlinun him,esperar,
hrlinuntschik,"descer, desmontar",
hua,girar,
hua an,girar,
huit,"muitos, todos",
huk an,qual é o seu?,
huk at,"teu, seu",
huk intschagan,qual é o teu?,do primo
huk ninjin,qual é o meu?,
huk um,me dá o teu,
huk?,qual?,
hum,"queimar, arder",huum
hum,"pega, é teu",
hum a,gordura,
hum em,"permitir, permissão",
hum jan,"banhar, dar banho",faz sair a gordura
hunk,onde,
hunk,qual,
hunk an,"ser, estar, existir",
hunk huk,"rã-touro, Rana Mugiens",onomatopéia
hure him,"atrás, detrás",
hure him,tem paciência,
hut,"levantar, subir",
huum,queimado,
huva-huva an,"distante, vasto",
huva-huvatu,"vermelho, espécie de peixe",
i,artigo em muitas palavras,"como ""him"""
i i ,muito,
igoe,nós todos,= hingoe hingwe
igoe om,falar conosco,
ihi i i,"expressão de espanto, admiração",
iho,preguiça,
iho kuschi,pequeno preguiça,
ikischuk,órgão genital masculino,
iknehek,"bem-te-vi, Saurophagus sulpnureus",
imbruk,gema de ovo,
impen,"vertigem, com vertigens",
impo jipo,clavícula,
impok,"mamoeira, Ricimus Communis",
imponjuk,noite,
impran,cansado,
impukenpuk,chorar,
imum,vai embora,
in in,pequeno,muito pequeno
ina,"lá, aí, ali",
inan,quem,
ingame,bom,
inglu,"susto, medo",
ingoe,nós,
ingrak jak,"maracanã, papagaio, gênero Conurus",
ingrintscha,cantar,
ingropo,"agradecido, apresentar os seus agradecimentos a alguém",
ingru,cantar,
ingwe,nós,
inin krop kip,"apontar para, visar","kip, k — superlativo, ipin — ver"
injak,agora,
injak,muito,
injak,a língua,a malvada
injak,"cortado, corte, cortar",
injak kischem,hostil à casa,
injak kischep,"muito colérico, furioso",
injak wak,muito branco,
injam,"bom, raiz de inhame",
injan,"pisar, entrar em",
injauhi,muita,
injene (hinjen),"o definhar, magro",
injep e,posso ficar,
injik,"nó, matar",
injin,pequeno,
injohon nuk,surdo,sem orelha
injok,cobarde,
injopo,febre,
injopon,responder,
injopon nuk,surdo,
injuk,"meu, eu",
injuk juknak,mulher casada,
injuk uruhu,nós,
injuknan,mulher,
injuknan ankuim,solteiro,
injuknan jaka,mulher velha,
injuknan koem pen um,viúva,
injuknan orem,mulher jovem,
injuknan ton tõn,pequena moça,
injuknan vaha,virgem,
injuknuk,não é seu,
injupu makinham,tia,
inkam,direita,
inkek,"ladrão, roubar",
inkek inkek,onça,
inkinan,tabaco,
inkinan,piolho,"o que nasce no cabelo, ""him ke nan"""
inknam,piolho,
inknan,"tico-tico, pássaro",é assim chamado por ser pequeno
inkojan,viúva,
inkoko,fumo,
inkotenkot,doente,andar devagar como uma tartaruga
inkrak,zangado,
inkrak nuk,bem,não zangado
inkre,mão,que pode chegar ao corpo
inkre ahut,levantar a mão,
inkrekhe,melhor,
inku,"ovo, excremento",
inku uruhu,diarréia,
inkujap,"goiaba, gênero Psidium",
inkum man tohom,fumar,
inkut,tartaruga terrestre,
inschakischem,"hostil, hostil à casa",
inschakischemm nuk,"amigável, que não é hostil à casa",
insta,"retornar, regressar, voltar, curvado",
inta,costela,
inta jop,bebe mais uma vez,
intai,repita,
intan,"retornar, regressar, voltar, curvado",
intatu,coração,
intik,"flato, flatulencia",
intikin,"coração, onomatopaico",comparar 'bakantik anteken'
intjem,nassa,
intjojum,cotovelo,
intjovem,"corno, o boi",
intjuma,"Anhuma, espécie de pássaro, Palamedes cornuta",deriva de 'himjovena;
intschagan,primo,
intschak,irmão,
intschak,"dois, um outro",deriva de 'hinjak - que é separado por um corte'
intschak hen jak ton,alguém que estraga,
intschak kruk,gêmeos,
intscham,teia de aranha,
intscham,ninho,
intschikan,meu pai,
intschom,fazer,
intschoven,corno,
intschum scha,jogar,
intut intut,lagarta,
ipi,"apanha, toma",
ira,"acabar, terminar",
it nen nuk,ele não vem,
it nien,amarelo,
ita,quebrado,
item,escuro,
item mot mot (mut mut),"ficar escuro, preto, enevoado",
iti johok,dói,
ja a,"pracuúba, gênero Astrocaryum",
ja am imtschokan,espinho da pracuúba,
jaha,eu sei,
jaha,"procurar, caçar",
jaji,"eu sei, eu penso, eu conheço",
jak,"mau, venenoso, hostil",
jak amerek,vive bem,(kijak amerek)
jak nankut kuran,"ir à caça, procurar comida perigosa",
jak nem nem,"surucucu, Lachesis muta rhombeata",9relacionado com o rabo em forma de arco)
jakache,jacaré,(o mal na água)
jakaran,"amigável, bom, tirado o mal","daí tirado o nome do tipo de madeira Jacarandá, Jocaranda brasíliana"
jakatak,"esfregar, friccionar",
jakekek,crisálida,
jakescham,"mau, perigoso, ruim",
jakijan jakijun,"mau, perigoso, ruim",
jakischam nuk,"manso, bom",
jakischap,"mau, perigoso, ruim",
jakjutwak,de barba branca,
jakkan,que parece mau,
jakkat,nu,
jakkat tõn tõn kat,avental,(a manta do nu)
jakkom,a ponta má da flecha,"(nome de um cacique dos Porumton, Puruntuns)"
jakkren tõn,o homem negro,(por causa do cabelo crespo)
jakleschum,furnariidae,"(deriva de 'nakleschum', ver este)"
jaknek,panela,
jaknek kren,"tampa de panela, rolha",(a cabeça da panela)
jakokek,libélula,
jakotek,"taturana, lagarta de fogo",
jakschum,mau,
jaku,"pó, pólvora",
jakukek,borboleta,
jakupan jen,por cima dos outros,
jakwak,"pálido, empalidecer",
jam,"raspar, esgravatar",
jam,telhado de folhas da cabana,
jam (jan),semear,
jama prakak pram kita,"drobrar ramos, para identificar o caminho na mata",(fazer as haster parecer os pés de uma galinhola de rio)
jamnik,"preguiçoso, calão",
jamnik nuk,ativo,
jampam,"ir embora, partir",
jan,"ir, passar, o que sai de algo, acabar, o que sai",
jan huit,"todos gostam de ir embora, ir embora",
jangrok,"amargo, forte",
jankarit,"saliva, cuspo",
janken,"jeribá, espécie de palmeira",(nome de moça botocuda a quem caiu o cabelo)
jankrak,verde,(o que cai das árvores)
jankrak un,a folha,(un = um)
jantschak,"bala, chumbo",(o mal que vem da espingarda)
jantschi tschi,direita,
jantschok,contente,
jantschu,cunhado,
jantshock,contente,
jaom,o telhado de folhas da cabana,
jap hinkõn,"ladrar, latir",
japa,ir,
japa muham,ir,
japa muhum,passar,
japa mum ne,passar,
japa pip,eu achava,(andado)
japak,falso,
japak kischem,hostil à casa,
japakan,"seu, dele, o próprio",
japakoé,falso,
japan,"ser, estar, existir",
japatõn,grande,
japekan,"com gosto, de bom gosto",
japeki,"boca, focinho",
japjinta,flor,
japo,"inútil, ineficaz",
japo,bater,
japo atschin,saciado,(a carne é inútil)
japokan,banana,
japokoé,"hostil, falso",('koé' deriva de 'kuvin')
japokwim,mentir,
japoom,responder,
jappe,"escolher, selecionar",
jappen,"escolher, selecionar",
japrahim,o que vem,(pra = kra)
japrohim,o que vem,
japrok,margem,
japu,gordo,
japukwin,deitar,
jarapmõn,bater,
jari in,"virar, voltar",
jat,folha,
jauhi,muita,
javanta,feijões,
javati,milho,
javati inkan,folhas da maçaroca de milho,(o que se vê na maçaroca de milho)
javati inkan amere,rolhas para espingarda,(folhas da maçaroca de milho apertadas)
javati kuschi,arroz,
javati potschik,grão de milho,
jekam,esquecer,
jeke,"espécie de palmeira, coqueiro, folha de palmeira",
jeki,osso,
jen,"ir ali, ir, colocar, pôr, deitar",
jep,"pôr, deitar",
ji,"representa o superlativo em muitas palavras, tal como ki","representa o superlativo em muitas palavras, tal como ki"
jijitscha,tenho febre,
jikan,pai,"(o cauteloso, prudente, bom aspecto)"
jikaran,"muito maligno, selvagem",
jikarun,muito,
jikat im,"escolher, procurar o escondido",
jikuvi,"detrás, atrás de",
jintak,corda de arco,
jintschik,"ele errou o alvo, falhou",
jion,perder,
jip,meu,
jipakane,banana,
jipakischu,"muito grande, vasto",
jipan,"uma coisa, um objeto",
jipato,muito grande,
jipatõn,"muito mau, muito grande",
jipatõn kan,dedo médio,(que parece muito grande)
jipin,"grávida, gravidez",(a expressão indica a mudança de aparência)
jipin kan,"um ferido, que tem uma flecha no corpo",
jipo,dedo,(o que está mais saído na mão)
jipó,polegar,(o gordo)
jipo jitschokan,dedo anelar,
jipo kapitaõ,dedo médio,(o dedo capitão)
jipo kruk,dedo mindinho,(a criança)
jipo kupanin,dedo indicador,
jipokan,"banana, as frutas",(parece um dedo)
jipokantscha,"maitaca, gênero Plonus",(papagaio de cauda curta)
jipon,uma coisa,
jipon,"embriagado, bêbado",
jiporok,nome de tribo,(numeros irmãos)
jirun,"branco, também de cor clara, amarelo, liso, plano",
jirun jak wak,pálido de medo,
jitak,corda de arco,
jitscha,"quente, cálido, seco, doente",
jitschak,assado,
jitschek,seco,
jitschok,língua,
jitschokan,mulher casada,
jitschu,doente,
jo a,"moça, virgem",de onde nascemos
joati po im,o milho rebenta,
johok,"dor, doer, pulmão, respirar com dificuldade, gemer, doente",
johor johok,dor,
johorehok,doente,
joi,cortado,
joi ma,nome de tribo,
jojek,"espinha dorsal, costas",
jok koek koek,porco doméstico,
jokan mek,avental,
jokokan,gordura,
jokom,"muito velho, já não vale nada",
jokon,"muito velho, já não vale nada",
jomnek,baço,
jomnjek,rim,
jõn jehe,viva!,celebração
jop,"beber, chupar",
jopetip,nome masculino,
jopik,montanha,
jopik kon pn,a montanha é baixa,
jopik oron,"montanha alta, cume, cume da montanha",
jopo oran,virgem,
jopok,assar,
jopok e,atrás,
jopu,gordo,
jore,mais tarde,
joremo,todos vão mais tarde,
joremu tíntí,eu vou mais tarde,
jorokrakn,cair,
jotãn,"o que vai mais tarde, intestinos",
jotãn atok,órgão genital feminino,os cobertos
jotãn jipakischu,órgão genital feminino,
jotom,lombriga,
jova,rio abaixo,
jovati inkan,maçaroca de milho,
jovati inku kat,folhas exteriores da maçaroca,
ju,espirrar para fora,
juhu,saltar,
juk,cauda,simbolicamente o pênis e o seu portador
juk brukuku,"jararaca, espécie de serpente",
juk et et ,"estrela-cometa, estrela cadente",
juk inta,escorpião,pela cauda a dor
juk koék koék,porco doméstico,
juk kuruk,"filho, rapaz",
juk mim mim,porco doméstico,
juk nek,"esquilo, caxinguelê",que tem uma bonita cauda
juk nem nem,surucucu,
juk pruk,pênis ereto,
jukeriri,cascavel,o mesmo que surucucu
jukeriri jakischek,cobra cipó,
jukeriri jipakischu,cascavel,
jukkuan nimpijan,arco-íris,
juknan,virgem,que gera através do hímen
juknan jika pipokrek,"mulher velha, mulher feia, feia",
juknan juki,"mulher ossuda, magra",
juknan kiinkek,violar uma mulher,
juknan potschik,viúva,
juknta,escorpião,
jukuip,"abio, caimito",espécie de árvore
jukupan,"embaixo, por baixo, abaixo",
jukupan jen,por cima dos outros,
jukupan tschak,por cima de,
jukupan tschap,por cima de,
jukut nan,encontrar,
jukuvan,traíra,grande peixe carnívoro
jukuvan,arco-íris,
jukuvan nimpischan,arco-íris,
jukwan,surucucu,
jukwon,surucucu,
jumerek,órgão genital feminino,
jun,"ser, estar, existir, passar, fino, pico, papiro",
jun moron,agudo,
jun tõn tõn,sinuoso,o cume é mal
juni,ponta da flecha,
juni wimpin,colocar armadilhas,
junju,"gambá, sarigueia",
junkran,orelha,
juntjak,"cacique, como se domina",o cume mau
juntnem,arco das crianças,
juntschin,vermelho,
junuk,rombo,não aguçado
jupuk makinjam,tio,
juru,azul,
juva akmum um,a montante,
juvak mum um copy,a montante,
juvati,milho vermelho,
juvatu,"grande rio, onde há peixe",
kache,jacaré,o grande [animal] na água
kahe,jacaré,
kaho,preguiça,
kaijo,taioba,
kajon,"taioba, rolha",
kakerek,"pescoço, garganta",
kakirijan,joelho,
kakmum,partir depressa,
kakri,"rótula, nó, tornozelo",
kakrijan,joelho,
kakro,"taquara, espécie de bambu",
kamintschak,menstruação,
kampan,ele não tem nada,
kampan numrin,ele próprio,
kampo,"confirmar, leve",
kamtschak,sangue,
kamtschak hut hut,pulso,que ajuda ao sangue
kamtschak jan jan,deixar para a veia,
kamtschak ju ju in,o sangue espirra,
kan,"testa, ver, visão, aparência",
kan aron,madeira podre,
kan hen,se levantar do lugar,
kan hum,nome,
kan jot,velho,
kan kan,expulsar com violência,
kan kan hinkõn,os cães caçam,
kan maron,carangueijo,
kan nuk,cego,sem visão
kan pim pim,me mostra,
kan po,"leve, pouco, claro, pouco profundo",se consegue ver os pés
kan te,"luz, partir, dar à luz",
kan ton ton,parece ser igual,
kan tone,feio,aparência
kanjikmak,parte da flecha com penas,
kanjirun,nome de um cacique da tribo porumton,que tem aparência amarela
kanke,sobrancelhas,
kanko,sapo-martelo,
kankrak,"fraco, miserável",
kanmak,grande pena,
kanpa,confirmar,
kantjan,"alegre, divertido",
kantna,um louco,
kantschak,"alegre, contente, parente",
kantschik mak,parte da flecha com penas,
kap,mosca,
kap mek mek,sabiá,
kap mok mok,sabiá,
kap pram,mutuca,
kapan haõ,escaravelho,
kape,café,
kapim,erva,como em guarani
kapischum,"papa-mel, irara",
kapro,cipó,liana
karaju,raiz de inhame,
karaku,"mole, maduro",
karakun,cair,
karatima,nome feminino,
karatjena,nome feminino,
kare ,ossificar,
kare ak,"unha, unha na mão e pé",
kare at,unha na mão e pé,
karet,espécie de orchis,
kareté,espécie de agaves e bromélias,
kari at,unha,
karon,madeira podre,
karop,caroba,
karot,nome feminino,
kaschap,goiaba,
kat,"pele, casca, fato, coberta, tábua",
kat apo,tirar a pele,
kat ato,tirar a pele,
kat et,"pele brilhante, nome feminino",
kat imbruk,castanho-claro,
kat inan,neto,
kat jak,nu,
kat jita,pega do tacho,
kat merat,teia de aranha,
kat pon,tirar,
kat to,cadáver,
kata,"cama, leito, cavidade, espaço entre os dedos, entre, lagarto",
kata inan,pequeno lagarto,
katak,"cobrir, tapar",
katan nuk kan,"escoriar, esfolar",
katanan,"cará, inhame",
katap mim,"pato, pata",
katap mum,"pato, pata",
kataran,arara,vermelha como depois de esfolar a pele
katat jop,beber cachaça,
katenan,cará,
kati,"pessoas, neto, parentes",o sentido é provavelmente semelhança da pele
katik jipakischu,jequitibá,
katjak tõn tõn kat,avental,
katjik,nu,
katjojek,peito,
katom angwe akan,tem cuidado,
katschimpei,cachimbo,
katschok injuk,meu,
kawak,branco,
kawo,pescar,
ke,cabelo,
kejek pororo,bicho-folha,
keklenjo,ouriço-cacheiro,
kekrek,garganta,
kekri,"joelho, articulação",
kekron hinjin,espécie de taquara sem picos,
kep,"eu quero lá, escapar, flato",
kera,"ali, lá",
kere,perna,
ket arak,tatalar,
ketom,o encerrado,
ketom nik,medula,
ketot,cozinhar,
ketum,o encerrado,
kharan pororo,inhambu-xintã,
khimkma,buraco nos lábios para botoque,
khotan schik,ânus,
ki,indicador de superlativo,
ki,"através, perfurado, muito grande",
kia,"perfurado, muito",
kia ambrukuku,muito vermelho,
kia aranrlat tschin,"acordar, despertar",
kia noknok,garganta,
kia piki,boca,
kia pram,"regressar, para regressar",
kia schanglin,atirar,
kiajampok,"assassinar, matar",
kiakerek,"garganta, pescoço",
kiakijek,queixo,
kiakischek,queixo,
kiakpakak,"chamar, gritar",
kiamerek,abraçar na despedida,
kiangro,"perfurar, matar",gro=krop
kiankro,"perfurar, matar",
kiannik,cinto,
kiatjop,beber,
kiempon,"capivara, Hydrochoerus hydrochaeris",
kihintu,"fome, fome devoradora",
kiijak koem,"brigar, lutar, guerra",matar o irmão
kiimpram,"cansado, cansada, respirar com dificuldade",
kiitom,lágrima,
kija pram,para regressar,
kijak,irmão,
kijak amerek,cumprimento de despedida,(irmão abraço)
kijak ap mõn,punho,
kijak intscham,esconder,
kijak kan,"camisa, vestido",(muito mau de ver ou o que torna o irmão evidente)
kijak ketak,a urtiga brasileira,"o irmão, cujo cabelo magoa muito"
kijak kijapu,irmã,
kijak kijek,queixo,irmão do maxilar
kijak kijut,pêra,barba no queixo
kijak pe,"se levantar, também se casar",
kijak pip,encontrar,(em casa)
kijak po merek,"aperto de mão, cumprimento",
kijak pororo,gafanhoro,= kijek po erok
kijak pram,"eu gosto de ti, eu te amo, agradou a ele",
kijak pram um,"depois, em seguida",
kijak tsotschinma,ciúme,tso=tschok?
kijak wup,beijar,
kijakěn pum,Sperma hominis,
kijakuri,excremento,
kijan,"ir muito longe, perder-se",
kijan krop,perfurar,
kijan tschu,cunhado,
kijap,partir muito depressa,
kijapeki,boca,
kijaran,"cruel, terrível",
kijat,irmã,
kijek,queixo,
kijek po erok,gafanhoto,
kijem auja umrin,homem casado,
kijihom,morrer,(acabar completamente) ver ahom
kijijopu,mãe,
kijikan,pai,o muito prudente e atento
kijikan antschak,tio,(um outro pai)
kijikan makinjan,avô,
kijikan matnu,avô,
kijim,nariz,(deriva de kitschin - carne perfurada)
kijim kma,narina,
kijim oron,nariz aquilino,
kijim pa,nariz espalmado,
kijin,passar,
kijin himpon,bochecha,(toda a [comida] passa através dela)
kijin pon,"capivara, Hydrochoerus hydrochaeris",
kijin pram,"cansado, cansada",(nariz firme)
kijinku,excrementos,
kijintschak,nós,
kijion,perder,
kijion um,fugir,
kijion unkre,eu o perdi aqui,
kijipuk,"garganta, pescoço",
kijitschok,brigar,
kijitschok,língua,
kijo kischek,o maxilar,
kijojek tarek,"fatigar, cansar",
kijok jen,pouco,
kijok kischem,"contentar, me dá",
kijok kischem ampon,ele não me dá,
kijok kischu,dá-me,
kijok kojek,"jararaca, espécie de serpente, gênero Cophias",
kijok man ju im,vomitar,
kijok manjin,vomitar,
kijopu,mãe,(que bebe o ímpeto do homem)
kijopu jak kan,"mulher velha, avó",(com aparência malvada)
kijopu jitschak,avó,
kijotãn,"intestinos, ânus",
kijotãn,cacar,
kijotanschik,cacar,
kijuk,"órgão genital masculino, indica também um indivíduo masculino",(a cauda perfurada)
kijuk kno,a metade,(me dá a metade)
kijuk nuk,"não, eu não",
kijuk pak pak,"atrair, acenar",
kijuk prum,pênis ereto,
kijuk schut,barba,
kijukan,avental,
kijukěn pum (kujukjenpum),o sêmen masculino,
kijukijek,"queixo, me dá",
kijuknan pak pak,ato de copulação,
kijum niek intschak,baço,(como um outro fígado)
kijun,dente,(pontas que perfuram)
kijun hek hek,dores de dente,(dentes que ficaram planos)
kijun jipakischu,órgão genital masculino,
kijunnik,gengiva,
kikak kache,"teiú, Tupinambis teguixin",(irmão do jacaré)
kikan,sinal,
kikoék,estômago,
kim,nada,
kim nuk,"mentiroso, que mente",
kima kat,"lábio, (o completamente perfurado) para o botoque",
kimankut,"comestível, comer",
kimkerek kuran,garganta,(o rotativo)
kimpian,urinar,
kimponjik,"face, bochecha",
kimpram,pulmão,
kin,lado,
kinak,terra,(a grande terra)
kinan nuk,"mentiroso, que mente",
kinantschi nuk,"mentiroso, que mente",
kinatschinuk,"mentiroso, que mente",
kinhentu,fome,
kinikan,sinal,
kinjek jan,garganta,
kinjek kerek kuran,garganta,
kinjek maron,tíbia,
kinjek murum,perônio,(rum=lum)
kinjek nan,garganta,
kinjene,"batata-doce, magro",
kinjep,"ao lado de, ao pé, ao pé de, junto de, perto de",
kinji pik,"nuca, pescoço",
kinjik pik,"nuca, pescoço",
kinjik pik kreno,occipício,
kinjin,muito pequeno,
kinjin kma kat,botoque,(o que atravessa o furo do lábio)
kinjok,mole,
kinjun,braço,
kinkmakat,lábio,
kinkrok,"coxa, perna",(os grandes dedos)
kinkruk,"coxa, perna",(os grandes dedos)
kinoron,ir muito longe,
kinschem hinkan,nossa aldeia,
kinschem katak,nossa aldeia,
kintschak,limão,"(uma fruta completamente diferente, nomeadamente da laranja)"
kinun,braço,
kiojek,"pouco, espinha dorsal",
kiojek taruk,cansado,
kiok kok mak,axila,
kip,"tanto como pip, deriva de kipip","tanto como pip, deriva de kipip"
kip makna hipmum,homem em idade de casar,
kipo,polegar,(rio Preto)
kira,"ali, lá, acolá, aí",
kischa kischek,maxilar,
kischak,"irmão, irmã",
kischak ap mõn,"se bater, brigar",
kischak kan,"tecido, coisa","(""muito mau de ver""; acham roupa asquerosa)"
kischaki,excrementos,
kischaki juntjak,"governar, ordenar",
kischakurin,brigar,(tocar o maxilar)
kischakurin nuk,não brigue comigo,
kischam,"muito zangado, hostil",
kischek,osso,
kischem,"cabana, casa",(o grande ninho)
kischem a,"casar, marido, esposo",
kischem arek,a pequena cabana,
kischem atok,cabana de folhas,
kischem atok,cabana de folhas,
kischem atuk,cabana de folhas,
kischem kitom,janela,(o olho da casa!)
kischem mere,nossa aldeia,
kischem njare,a aldeia é perto,
kischem tõn,casa ou aldeia abandonada,
kischikan,pai,
kischikan matnu,avô,
kischin,nariz,(kitschin)
kischin kma,narina,
kischin oron,nariz alto ou pontiagudo,
kischit jan,escroto,
kischo,órgão genital feminino,
kischo kischek ampõn,me dá um pouco,
kischo kischem,"dar, me dá, me satisfaz",
kischok krin,copulação,(kre)
kischuk,órgão genital masculino,
kischuk jan,urinar,
kischuk kan,avental,
kischuk potan nikischo,copular com uma mulher,
kischuk prip,puxar prepúcio,
kischukschem ampõn,pedir algum tempo,
kischum,"lavar, dar banho a",
kischum ham hum,"lavar, dar banho a",
kiscin pa,nariz espalmado,
kit,"procurar, eu quero procurar, ver",
kitom,olho,(que dá a grande visão) (om=um)
kitom ak,cego,
kitom anit,lágrima,
kitom anjek,fecha o olho,
kitom at,cego,(pele sobre o olho); (at=kat)
kitom herehe,bonito,
kitom him,"o homem negro, sujo, imundo",
kitom jek,cego,(branco como um osso)
kitom kan,"visar, apontar, obstruir, fechar",
kitom kat,pálpebras,
kitom ke,pestana,
kitom ketom,olho,
kitom kro,cego,(furado e esvaziado)
kitom kro kran,orbita do olho,
kitom kro kren,orbita do olho,
kitom minit,"cego, lágrima",
kitom po wum,pintar-se com urucúm,
kitom pompa him,pupila,(o preto no meio dos olhos)
kitom wak,cego,(olho branco)
kitomnjek,cego,
kitomnjok,com vertigens,
kitschok,língua,
kitscom intscha,a imagem de uma coisa,
kiumiek,rim,
kjak ,"sobrinho, primo, irmão, irmã",
kjak antjep,fazer comichão,
kjak knuk,madeira vermelha,
kjak makinjam,o meu irmão mais velho,
kjak merek,tem cuidado,
kjak pe,"casar, escolher",
kjak piki,boca,
kjak po merek,abraçar,
kjaranrlat tschin,"acordar, despertar",
kjarap mon,dói,
kje mon,papo,
kjeme,casa,
kjep,senta-te,
kjojek tarek,cansado,
kjok kok mak,axila,
kjok man jium,vomitar,
kjon jon,orelha,
kjon ma,buraco na orelha,
kjon ma kat,botoque de orelha,
kjon niek,rim,
kjopu jaka,avô,
kjuk,igual a kjak,igual a kjak
klampat,escaravelho,
klao wak,"taboca, espécie de taquara",
kle,aqui,(kre)
klei,pessoas,(krei)
klen brukukuk,pica-pau vermelho,(que vem vermelho)
kli,ver krahi,ver krahi
klischum,"tomar banho, lavar, alisar",
kliwom,"pavão, Coracina ovata",(que vem mal-cheiroso)
klowum,laranja,wum=wäom
kluwim,espécie de peixe,
kma,buraco,
kma kma,"papagaio, girú",
kma pehek um,ele abriu a boca,
kmak,perna,
kmak atan,perna partida,(itan)
kmak jokop,pontapé,
kmak nek,"jabuticaba, Myrciaria jaboticaba",(doce para a boca)
kmani,deixa-me em paz,
kmari,"imbé, Philodendron imbé",
kmek kmek,"muito curto, pequeno",
kminjan porum jipo,bêbado,(embriagado com a água forte)
kmok hira,esperma hominis,(este é o agradecimento)
kmok nek,"inga-cipó, Inga edulis",(os frutos são envolvidos com uma massa doce semelhante a esperma)
kmontjak,flecha para caçar aves,
kmum ak,cego,(a sua visão está completamente passada)
kmum mum,ir,
kmum nuk,"ele não vai, não vás",
kmum un,ele fugiu,un=um
kmuma kuip,"acordado, vigiar",
kmumé te kuip,se deitar,
kna,azedo,
kna at,"cascudo, gênero Polyborus",(nascimento difícil devido aos barros queixosos)
knak ta,nascimento,
knan,"pequena moça, também usual como nome",
knan rek,muar,(nascido pequeno)
knan waha,masculino,
knanra knium,"direito, em pé, vertical",
knanta,nascimento,
knantscha,se levantar,
knarap,lagarto grande verde,
knem,"tapicuru, jacarandá, porque a madeira destes serve para a produção do arco",knem=tnem
knem kuntschak,"imbaúba, Cecropia peltata",(a ráfia fornece a corda de arco)
kriknin,criança,
kruknin,criança,
kum te mum,"corre, corram",
numrin,"mesmo, próprio",
schum,irônico,
te mim,"peito, tórax",
tschim kupan,fígado,
tschin jek,osso,
tschin jep,"caçar, animal selvagem que pode ser caçado",
tschin jitschok,carne assada quente,
tschin johok,pulmão,
tschin juk,cauda,
tschin jun,um pedaço de carne,
tschin kampo,carne,
tschin kan,correr,
tschin kao,estômago,kao = tao
tschin ketot,cozinhar,
tschin kinta,"tombar, cair, virar",
tschin koém,matar com a flecha,
tschin koém um,"atirar com a flecha, matar",
tschin koto,pintar de vermelho,
tschin kren,a parte que cada um recebe da presa da caça,
tschin krom,"segura-o, agarra-o",
tschin krom ankut,começar a comer,
tschin krop,recatado,a carne morde
tschin kui,que cheira e sabe bem,
tschin kupan,fígado,
tschin kuran,fome,a carne ainda está a viajar
tschin kuran hijim,viajar,
tschin mak,"um quarto caça abatida, que fica para o caçador",
tschin man,"duro, rijo, encher",
tschin men,"agarrar, segurar",
tschin mot mot,encher,
tschin nek,"isco, isca",
tschin nik,gordura assada,
tschin njep,eu tenho,
tschin nuk,em jejum,
tschin pe,procurar,
tschin pip,encontrar,
tschin pok,garganta,
tschin pon,ouvir,
tschin pram,"plantar, estômago",
tschin rehe,a carne é boa,
tschin ruk,muito,
tschin schake schum,animais selvagens,
tschin schorut,"puxar, afiar",
tschin ta mu,trazer às costas,
tschin tamu,afugentar a presa com passos barulhentos,
tschin tãn,"bolsa, bras, capanga",
tschin tan mum,rasto,
tschin táo,estômago,
tschin tip,carne crua,
tschin tmim,"peito, tórax",
tschin ton um,a carne é pior,
tschin tscham pon,pendurar,
tschin tschi,direita,
tschin tschijan,falhar o alvo,
tschin tschorot,puxar,
tschin tum,papo,
tschin we,"nos, nós",
tschin wim pin,plantar,
tschin wim pin tokonjan,semente de plantas,
tschin wom ou wãóm,"podre, carne estragada",
tschin wot,"cozinhar carne, ferver a carne",
tschin wup,cheirar,
tschin wup wup,"cheiro, cheirar",
tschipo,"cipó, liana",
tschipo jakischam,"timbó, liana",
tscho et et,estrela,
tschok,empurrar,
tschok an,"mulher, esposa",
tschokokan,gordura,
tschom,gênero cyperus,
tschon,"árvore, tronco de árvore",
tschon a ku,"acender, incendiar",
tschon aminkaki,flor,
tschon ampein,"dividir, rachar",
tschon ampok,madeira para armadilha,
tschon anjat,"vara, chibata",
tschon atãn,"vergar, torcer, dobrar",
tschon hek,mato,
tschon hingre,ramo,ramo de árvore
tschon jat,"verga, vara, dormideira",
tschon jipakischu,"barrigura, espécie de madeira",
tschon jitak,"ponte, também raiz",
tschon johok,"dobrar, torcer",
tschon jopo,tronco de árvore,
tschon jopok e,atrás,
tschon jun jun,"aguçar, afiar madeira",
tschon kaki,espécies de haplopus,
tschon kam kam,folha,
tschon kan kan,haplopus,
tschon karan,ponta da flecha,a madeira enfurecida
tschon kat,"casca da árvore, barco, canoa",
tschon katak,cabana de folhas,
tschon ke,cravinho-do-mato,
tschon kle,urucu,bixa orellana
tschon kma,árvore oca,
tschon koém um,o fogo se apagou,
tschon korit,erva,
tschon kren,urucu,
tschon kret,"jenipapo, fruto, fruta",genipa americana
tschon kui,"imburana, a madeira fragrante",genero bursera
tschon kuran,"parte do tubo na flecha, atirar",a madeira que viaja
tschon mak,ramos,
tschon man,"punir, castigar, abater árvores, madeira abatida",
tschon mek,"farpa, lasca",
tschon mere,cabana de folhas,
tschon na inkante,luz,
tschon pa,botoque,
tschon pe en,"acender, incendiar",
tschon pek,fogo,
tschon pek a katak,atiçar o fogo,
tschon pek ahui,atiçar o fogo,
tschon pek aku,"acender, soprar o fogo",
tschon pek ambruk nuk,não deixes o fogo apagar,
tschon pek ampok,extinguir,
tschon pek anok in koko,"fumo, fumaça",anok = an nuk
tschon pek en,"acender, soprar o fogo",
tschon pek haok a in,fogo claro,
tschon pek haok in kante,luz,
tschon pek in koko,"fumo, fumaça",
tschon pek koém pen,extinguir o fogo,
tschon pek koém un,o fogo se extinguiu,
tschon pek kruk,"pequeno fogo, un pouco de fogo",
tschon pek pram,carvão,
tschon pek ramu,atiçar até fazer fogo,
tschon pon,tronco da árvore enquanto ponte,
tschon poron,mandioca,
tschon pum,copaiba,
tschon tan,em cima da árvore,
tschon tan kren,cogumelo,crânio calvo
tschon tap,"barco, canoa",
tschon tat,"barco, canoa",
tschon we nan,arco,
tschon we nan jintak,corda do arco,
tschonkle tschinkle,pintar com urucuk,kle = kren
tschono johok,dobrar,
tschopa,"flecha, também um nome de botocudo",
tschopi,nome de homem,
tschopu,gordo,
tschu et et,pirilampo,
tschuk,empurrar,
tschum,"plano, liso, fogo, arder, queimar, bago, bagagem",
tschum hãon,"empola, bolha de queimadura",
tschum jan,"fogo, chumbo, bala, o que sai da espingarda",
tschum koém pe,extinguir o fogo,
tschum po,"queimadura, também a mão ferida por um tiro",
tu,"para fora, fora",
tu um,fechado,
tuk,"mau, ruim, pulga",
tuk kan,tucano,
tum,"animais selvagens que podem ser caçados, pulga, bicho-de-pé",
tum ame,matar a pulga,
tum him po krom,bicho-de-pé,pulga que morde o pé
tum njihi,pulga,
tumim,"névoa, neblina, nevoeiro",
tup,"novelo, rolha, ensopado",tup = tap
tupan,nome de um botocudo narigudo,tupan = tukan
tuvem,juriti,
u,"grande, rápido, muito, bem, vermelho, alto, gordo",
u u,"quente, suar, calor",
u u anguim,muito frio,
u u rehe,"repousar, descansar",
ua mu,ele pode,conjugado
uaha,homem,
uan,"grito, gritar, falar alto, assobiar",
uan,corpo,
uan mu,o sibilar da serpente,
uan pon,fica quieto,
uham,"fedor, mau cheiro",
ukonim,o que procuras,
ukum,"irado, enfurecido",
um,"par, pedir, pedir emprestado, emprestar",
um pen,"corpo, cadáver",
um pon,"rodar, enrolar",
um pran,"tapir, anta",
umap,"gafanhoto, cigarra",
umap man,sabiá-do-campo,
umeto,"objeto redondo, botoque do lábio de orelha",
umeto uwin,jogo de bola,unsure about spelling
umkum,tabaco,
umkum man to hom,fumar tabaco,
umpim,"iluminar, nascer do sol",
umrin,"mesmo, próprio",
umti,dá aqui,
umti wen kan,deixa ver,
un,"dar, emprestar",
unkre,aqui,
unkre,aqui,
unkut,tartaruga,
unkuwok,tribo makuk,
up,"me dá, dar",
up jokon,dar mais tarde,
up nuk,ele não dá,
upane,eu não dou nada,
upanuk,eu não dou nada,
upanun,eu não dou nada,
upe,"dar, depois, mais tarde",
upran,tapir,muito pesado
uru puka,nome de tribo,
uruchu,muito,
uruhu,"muito, dois, forte, gordo, grande, comprido, ambos",
uruhu pim,vê-se claramente,
uruku,vermelho,"vermelho, muito vermelho"
us nus,nome de tribo no rio jequitonha,
uwak,"branco, muito branco",
uwan,"grande peixe carnivoro, traíra",gênero macrodon
uwati,milho,
uwati kuschi,arroz,pequeno milho
uwatu,"vermelho, pirarucu, espécie de peixe",
uwatu jikan,rio mucuri,"rio onde se vê vermelho ou também ""pai do vermelho"""
uwe,"deitar-se, estender-se",
uwin,mentira,
uwin nuk,verdade,não minta
wa am,"distante, longe",
wa mu,"ali, para ali",
wa mu nuk,"faltar, falta",
wa mu numrin,ele pode,
waha,"núbil, homem, masculino",
waham wam,nós queremos,conjugado
wai akan,eu quero ver,conjugado
wai akan mihi,"toma atenção, tem cuidado",
waijik pok,gancho na ponta da flecha,
wain,ir depressa,
waischik,flecha,que quer acertar
waischik mihim,grito de alarme: esta disparando flechas,
waischik po,a cana utilizada para a flecha,
waischik wei akan,grito de alarme: tenham cuidado com as flechas,
wak,"branco, pálido, também cego, quando as pupilas estão brancas",
wam,nós queremos,conjugado
wam waham,nós queremos ir lá,
wan,corpo,
waom,"fedor, podre",também waöm
wapok,anzol na flecha,
we,"eu quero, tenciono, queria, devia, vou, posso",conjugado
we akan,ver,
we akan i,vê aqui,
we hen,"tapar, fechar",
we ina,ir depressa,
we krlu,pedir,
we kru,pedir,
we om,"ele quer falar, perguntar",
we pip,poder ver,
we tamum numrin,estar saciado,
we tamum numrin,estar saciado,
wei akan,quero ver,
wei akan mihi,tem cuidado,
wek um,"pedindo, ele quer dar",
wek wen,dobrar ramos para reconhecer o caminho,
wintscha,"pôr, posto",
wip,poder ver,
wo,direita,
wo wo tek tek,"mulher velha, avó",não deriva do vovó
woa mono,no acredito nisso,derive de woa mõn om: tu falas mal
woa mum,ele já veio,
woa mum numrin,eu próprio,
woam,"feder, cheirar mal",
woap,beijar,
wok,rápido,
wok pok mum,beijar,
wok pram,corrente,
wok um,"se levantar, se movimentar",
wot,"ferver, cozinhar",
wua,eu quero,
wup,beijar,
,,